﻿<?xml version="1.0" encoding="utf-8"?>
<ClassDiagram MajorVersion="1" MinorVersion="1">
  <Class Name="OOD2_project.Adjustable_Spliter">
    <Position X="7.75" Y="0.5" Width="1.5" />
    <TypeIdentifier>
      <HashCode>ABUAIoAAAAAAAAAAAAApAAAkEAAAEBAZAAAAAADAAAA=</HashCode>
      <FileName>Adjustable Spliter.cs</FileName>
    </TypeIdentifier>
  </Class>
  <Class Name="OOD2_project.Component" Collapsed="true">
    <Position X="2.25" Y="0.5" Width="1.5" />
    <TypeIdentifier>
      <HashCode>AAAAIACAAAAAAAAAAIAAIAAAEAAgAAAAYAAAAAAAACA=</HashCode>
      <FileName>Component.cs</FileName>
    </TypeIdentifier>
  </Class>
  <Class Name="OOD2_project.Connection" Collapsed="true">
    <Position X="4" Y="0.5" Width="1.5" />
    <TypeIdentifier>
      <HashCode>AwAAAAAAAAAABACAAAAQMAAAAgAAAACAAAAAAAAAAAA=</HashCode>
      <FileName>Connection.cs</FileName>
    </TypeIdentifier>
  </Class>
  <Class Name="OOD2_project.Form1" Collapsed="true">
    <Position X="5.75" Y="0.5" Width="1.5" />
    <TypeIdentifier>
      <HashCode>JRACKkCQgChABBAGADSAkUEKhhIKIVQmDnUAEAEAIAA=</HashCode>
      <FileName>Form1.cs</FileName>
    </TypeIdentifier>
  </Class>
  <Class Name="OOD2_project.Merger" Collapsed="true">
    <Position X="0.5" Y="1.5" Width="1.5" />
    <TypeIdentifier>
      <HashCode>CAACIAACAIAIAAAKAAAIAAAACAAIERAAQAAAAIBIAAA=</HashCode>
      <FileName>Merger.cs</FileName>
    </TypeIdentifier>
  </Class>
  <Class Name="OOD2_project.Network" Collapsed="true">
    <Position X="2.25" Y="1.5" Width="1.5" />
    <TypeIdentifier>
      <HashCode>EAAIIAAAAAAAAAAEAAABAAAAAARAAIAEQBQAAAoDQAA=</HashCode>
      <FileName>Network.cs</FileName>
    </TypeIdentifier>
  </Class>
  <Class Name="OOD2_project.Program" Collapsed="true">
    <Position X="4" Y="1.5" Width="1.5" />
    <TypeIdentifier>
      <HashCode>AAAAAAAAAAAAAAAAAAAAAAAAAAAAAAAAAAAABAAAAAA=</HashCode>
      <FileName>Program.cs</FileName>
    </TypeIdentifier>
  </Class>
  <Class Name="OOD2_project.Pump" Collapsed="true">
    <Position X="5.75" Y="1.5" Width="1.5" />
    <TypeIdentifier>
      <HashCode>AgAAIAACACAAAAAAAAACIAAACAAAAAAAQAAAAARAACA=</HashCode>
      <FileName>Pump.cs</FileName>
    </TypeIdentifier>
  </Class>
  <Class Name="OOD2_project.Sink" Collapsed="true">
    <Position X="4" Y="2.5" Width="1.5" />
    <TypeIdentifier>
      <HashCode>ABAAIAAAAAAAAAAAAAAAIAAAAAAAABAAQAAAAABAQAA=</HashCode>
      <FileName>Sink.cs</FileName>
    </TypeIdentifier>
  </Class>
  <Class Name="OOD2_project.Spliter" Collapsed="true">
    <Position X="5.75" Y="2.5" Width="1.5" />
    <TypeIdentifier>
      <HashCode>ABUAIIAAAAAAAAAAAAApAAAkEAAAEBARAAAAAADAAAA=</HashCode>
      <FileName>Spliter.cs</FileName>
    </TypeIdentifier>
  </Class>
  <Class Name="OOD2_project.Properties.Resources" Collapsed="true">
    <Position X="0.5" Y="2.5" Width="1.5" />
    <TypeIdentifier>
      <HashCode>AAAAAAAAAAAAAAAAAAADEgAQAQAAAAAAAAEAAABIAIA=</HashCode>
    </TypeIdentifier>
  </Class>
  <Class Name="OOD2_project.Properties.Settings" Collapsed="true">
    <Position X="2.25" Y="2.5" Width="1.5" />
    <TypeIdentifier>
      <HashCode>AAAAAAAAAAAAAAAAAAAAIAAAAAABAAAAAAAAAAAAAAA=</HashCode>
    </TypeIdentifier>
  </Class>
  <Font Name="Segoe UI" Size="9" />
</ClassDiagram>